0.01,1.3384931391919963,"[[0.036684818161383435, 0.07831137961517329, 0.07831137961517329], [0.07831137911517323, 0.03751741609448089, 0.03751741609448089], [0.07831137911517323, 0.03751741609448089, 0.03751741609448089]]"
0.02,1.3401321900892071,"[[0.03687931700483779, 0.07835279707438632, 0.0783527970743863], [0.07835279657438632, 0.037427373924404254, 0.03742737392440425], [0.0783527965743863, 0.03742737392440425, 0.037427373924404234]]"
0.03,1.3417622147244401,"[[0.03707418873461816, 0.07839400435917204, 0.07839400435917204], [0.0783940038591723, 0.03733744870717326, 0.03733744870717326], [0.0783940038591723, 0.03733744870717326, 0.03733744870717326]]"
0.04,1.3433832340524532,"[[0.03726943374751363, 0.07843500177071228, 0.07843500177071228], [0.07843500127071248, 0.037247640042409234, 0.03724764004240923], [0.07843500127071248, 0.03724764004240923, 0.037247640042409234]]"
0.05,1.344995272520464,"[[0.03746505251493716, 0.07847578952891827, 0.07847578952891827], [0.07847578902891816, 0.03715794759234747, 0.03715794759234749], [0.07847578902891816, 0.03715794759234749, 0.03715794759234747]]"
0.060000000000000005,1.3465983551577665,"[[0.037661045549932506, 0.07851636780960826, 0.07851636780960827], [0.07851636730960852, 0.037068371052908486, 0.03706837105290849], [0.07851636730960851, 0.03706837105290848, 0.03706837105290848]]"
0.06999999999999999,1.348192501172889,"[[0.037857413245682356, 0.07855673692842786, 0.07855673692842786], [0.07855673642842828, 0.03697891001015135, 0.03697891001015134], [0.07855673642842828, 0.03697891001015134, 0.03697891001015135]]"
0.08,1.3497777326847427,"[[0.038054156069610844, 0.0785968971200277, 0.0785968971200277], [0.0785968966200275, 0.036889564112569675, 0.036889564112569675], [0.07859689662002753, 0.036889564112569675, 0.03688956411256968]]"
0.09,1.351354077050928,"[[0.03825127459475336, 0.07863684850179703, 0.07863684850179703], [0.07863684800179707, 0.0368003330995146, 0.0368003330995146], [0.07863684800179707, 0.0368003330995146, 0.0368003330995146]]"
0.09999999999999999,1.3529215499875136,"[[0.03844876919447673, 0.07867659142247428, 0.07867659142247428], [0.07867659092247443, 0.03671121652890647, 0.03671121652890647], [0.07867659092247443, 0.03671121652890647, 0.03671121652890647]]"
0.11,1.3544801759417169,"[[0.038646640396047795, 0.07871612605849715, 0.07871612605849715], [0.07871612555849684, 0.036622214092491036, 0.036622214092491036], [0.07871612555849684, 0.036622214092491036, 0.036622214092491036]]"
0.12,1.3560299781966023,"[[0.03884488873557274, 0.07875545257938049, 0.07875545257938049], [0.07875545207938042, 0.03653332548672635, 0.036533325486726345], [0.07875545207938041, 0.03653332548672634, 0.03653332548672634]]"
0.13,1.3575709718861617,"[[0.03904351463060691, 0.07879457129392026, 0.07879457129392026], [0.07879457079392048, 0.036444550298427913, 0.03644455029842793], [0.07879457079392048, 0.03644455029842793, 0.036444550298427913]]"
0.14,1.3591031820396893,"[[0.039242518619602915, 0.07883348237582517, 0.07883348237582517], [0.07883348187582498, 0.036355888219274206, 0.036355888219274206], [0.07883348187582498, 0.036355888219274206, 0.036355888219274206]]"
0.15000000000000002,1.360626629611943,"[[0.039441901249747835, 0.07887218599200162, 0.07887218599200162], [0.07887218549200165, 0.0362673389455614, 0.0362673389455614], [0.07887218549200166, 0.03626733894556141, 0.03626733894556141]]"
0.16,1.362141332065221,"[[0.03964166296619544, 0.07891068243013608, 0.07891068243013608], [0.07891068193013594, 0.03617890207831513, 0.036178902078315124], [0.07891068193013595, 0.03617890207831513, 0.03617890207831514]]"
0.17,1.3636473109363578,"[[0.03984180433407859, 0.07894897184336247, 0.07894897184336243], [0.07894897134336237, 0.03609057732311795, 0.03609057732311795], [0.07894897134336235, 0.036090577323117955, 0.036090577323117934]]"
0.18000000000000002,1.3651445854338817,"[[0.04004232586406134, 0.07898705445092816, 0.07898705445092816], [0.07898705395092791, 0.03600236433305663, 0.036002364333056626], [0.07898705395092791, 0.036002364333056626, 0.03600236433305663]]"
0.19,1.3666331753483973,"[[0.04024322809150103, 0.07902493044708268, 0.07902493044708273], [0.07902492994708264, 0.03591426278004206, 0.03591426278004209], [0.07902492994708263, 0.03591426278004206, 0.035914262780042075]]"
0.2,1.3681130993063562,"[[0.04044451154485754, 0.07906260003751996, 0.07906260003751996], [0.07906259953751993, 0.035826272326265694, 0.03582627232626569], [0.07906259953751993, 0.03582627232626569, 0.035826272326265694]]"
0.21000000000000002,1.369584375352133,"[[0.04064617676143999, 0.07910006342121724, 0.07910006342121721], [0.07910006292121727, 0.03573839263842276, 0.035738392638422746], [0.07910006292121727, 0.03573839263842276, 0.035738392638422746]]"
0.22,1.3710470256046392,"[[0.04084822431855301, 0.07913732075425914, 0.07913732075425917], [0.07913732025425935, 0.03565062341610253, 0.03565062341610254], [0.0791373202542593, 0.03565062341610252, 0.03565062341610253]]"
0.23,1.3725010634516366,"[[0.04105065470851689, 0.07917437229485706, 0.07917437229485706], [0.07917437179485719, 0.03556296427801366, 0.03556296427801366], [0.07917437179485719, 0.03556296427801366, 0.03556296427801366]]"
0.24000000000000002,1.3739465110120364,"[[0.041253468541617724, 0.07921121816782388, 0.07921121816782391], [0.07921121766782414, 0.03547541494677155, 0.03547541494677156], [0.0792112176678241, 0.03547541494677154, 0.035475414946771554]]"
0.25,1.375383384001907,"[[0.04145666634331474, 0.07924785860007366, 0.07924785860007366], [0.0792478581000736, 0.0353879750640977, 0.035387975064097694], [0.0792478581000736, 0.035387975064097694, 0.0353879750640977]]"
0.26,1.3768116998835467,"[[0.04166024869441865, 0.07928429375772712, 0.07928429375772712], [0.07928429325772704, 0.03530064431866824, 0.03530064431866824], [0.07928429325772705, 0.03530064431866825, 0.03530064431866824]]"
0.27,1.3782314790296368,"[[0.04186421619964102, 0.07932052378248204, 0.07932052378248204], [0.07932052328248182, 0.03521342241760778, 0.03521342241760778], [0.07932052328248182, 0.03521342241760778, 0.03521342241760778]]"
0.28,1.3796427348279394,"[[0.04206856939500743, 0.07935654889984066, 0.07935654889984066], [0.07935654839984074, 0.035126309001407424, 0.03512630900140741], [0.07935654839984074, 0.035126309001407424, 0.03512630900140743]]"
0.29000000000000004,1.3810454870690592,"[[0.042273308886897856, 0.07939236925675319, 0.07939236925675318], [0.07939236875675322, 0.03503930377152232, 0.03503930377152231], [0.07939236875675325, 0.03503930377152232, 0.03503930377152232]]"
0.3,1.3824397497228347,"[[0.04247843522872139, 0.07942798506585771, 0.07942798506585771], [0.07942798456585763, 0.03495240637696196, 0.03495240637696197], [0.07942798456585763, 0.03495240637696197, 0.03495240637696196]]"
0.31,1.3838255425798707,"[[0.04268394907440271, 0.07946339642554379, 0.07946339642554379], [0.0794633959255437, 0.03486561655585561, 0.03486561655585561], [0.0794633959255437, 0.03486561655585561, 0.03486561655585561]]"
0.32,1.3852028790279292,"[[0.042889850979054636, 0.07949860355383181, 0.07949860355383181], [0.07949860305383166, 0.034778933951404606, 0.0347789339514046], [0.07949860305383166, 0.0347789339514046, 0.034778933951404606]]"
0.33,1.3865717765293084,"[[0.0430961415674914, 0.07953360659058738, 0.07953360659058738], [0.0795336060905873, 0.03469235826753981, 0.0346923582675398], [0.07953360609058731, 0.0346923582675398, 0.03469235826753982]]"
0.34,1.387932249053847,"[[0.04330282142725318, 0.07956840572330647, 0.07956840572330647], [0.07956840522330619, 0.034605889169880374, 0.034605889169880374], [0.07956840522330619, 0.034605889169880374, 0.034605889169880374]]"
0.35000000000000003,1.3892843163921498,"[[0.0435098912301637, 0.07960300104372864, 0.07960300104372864], [0.07960300054372842, 0.03451952639873054, 0.03451952639873054], [0.07960300054372842, 0.03451952639873054, 0.03451952639873054]]"
0.36000000000000004,1.3906279907678254,"[[0.04371735156531748, 0.07963739274499188, 0.07963739274499188], [0.07963739224499201, 0.03443326961367866, 0.034433269613678666], [0.07963739224499201, 0.034433269613678666, 0.03443326961367866]]"
0.37,1.3919632849865593,"[[0.04392520301544211, 0.07967158103185278, 0.07967158103185278], [0.07967158053185291, 0.03434711846428662, 0.03434711846428661], [0.07967158053185291, 0.03434711846428661, 0.03434711846428662]]"
0.38,1.3932902182568796,"[[0.044133446277172715, 0.07970556597787196, 0.07970556597787196], [0.07970556547787215, 0.03426107270283475, 0.03426107270283476], [0.07970556547787215, 0.03426107270283476, 0.03426107270283475]]"
0.39,1.394608802802395,"[[0.044342081949981786, 0.07973934777566777, 0.07973934777566774], [0.07973934727566771, 0.03417513198683682, 0.0341751319868368], [0.0797393472756677, 0.0341751319868368, 0.034175131986836804]]"
0.4,1.3959190549212508,"[[0.04455111071674263, 0.07977292652261264, 0.07977292652261264], [0.07977292602261243, 0.0340892960482018, 0.0340892960482018], [0.07977292602261243, 0.0340892960482018, 0.0340892960482018]]"
0.41000000000000003,1.3972209868370555,"[[0.04476053319372422, 0.07980630239925807, 0.07980630239925807], [0.07980630189925793, 0.03400356455231094, 0.034003564552310926], [0.07980630189925793, 0.034003564552310926, 0.03400356455231094]]"
0.42000000000000004,1.3985146142658778,"[[0.044970350065262205, 0.07983947550894308, 0.07983947550894308], [0.07983947500894342, 0.033917937224741214, 0.03391793722474122], [0.07983947500894342, 0.03391793722474122, 0.033917937224741214]]"
0.43,1.3997999500134028,"[[0.04518056196437049, 0.0798724460202701, 0.0798724460202701], [0.07987244552027017, 0.03383241373863724, 0.03383241373863724], [0.07987244552027017, 0.03383241373863724, 0.03383241373863724]]"
0.44,1.4010770074673928,"[[0.045391169562173164, 0.07990521406033559, 0.07990521406033559], [0.07990521356033577, 0.03374699379912102, 0.03374699379912103], [0.07990521356033577, 0.03374699379912103, 0.03374699379912102]]"
0.45,1.4023458000156097,"[[0.045602173523247774, 0.0799377797681252, 0.0799377797681252], [0.07993777926812508, 0.03366167710106291, 0.03366167710106291], [0.07993777926812508, 0.03366167710106291, 0.03366167710106291]]"
0.46,1.403606343374122,"[[0.04581357457928763, 0.0799701432059137, 0.07997014320591368], [0.07997014270591375, 0.03357646339926443, 0.03357646339926442], [0.07997014270591372, 0.03357646339926442, 0.033576463399264414]]"
0.47000000000000003,1.404858645692002,"[[0.04602537332302007, 0.08000230460735558, 0.08000230460735558], [0.08000230410735533, 0.033491352311889495, 0.033491352311889495], [0.08000230410735533, 0.033491352311889495, 0.033491352311889495]]"
0.48000000000000004,1.406102726177778,"[[0.04623757054643333, 0.08003426397011128, 0.08003426397011126], [0.08003426347011121, 0.033406343643280455, 0.033406343643280455], [0.08003426347011121, 0.033406343643280455, 0.03340634364328045]]"
0.49,1.4073385912342928,"[[0.04645016685906238, 0.08006602151613797, 0.08006602151613798], [0.08006602101613776, 0.03332143701909652, 0.03332143701909653], [0.08006602101613776, 0.03332143701909652, 0.03332143701909653]]"
0.5,1.4085662565776147,"[[0.04666316301042818, 0.08009757730248704, 0.08009757730248704], [0.08009757680248708, 0.03323663219490588, 0.03323663219490588], [0.08009757680248708, 0.03323663219490588, 0.03323663219490588]]"
0.51,1.4097857332671992,"[[0.046876559670717605, 0.08012893148648671, 0.0801289314864867], [0.08012893098648648, 0.033151928845834046, 0.03315192884583403], [0.08012893098648646, 0.03315192884583403, 0.033151928845834025]]"
0.52,1.4109970346908085,"[[0.047090357590988875, 0.08016008413157692, 0.08016008413157695], [0.0801600836315768, 0.03306732672067591, 0.03306732672067592], [0.0801600836315768, 0.03306732672067592, 0.03306732672067592]]"
0.53,1.4122001701616682,"[[0.047304557457971845, 0.08019103538368089, 0.08019103538368089], [0.08019103488368097, 0.03298282550182613, 0.03298282550182614], [0.08019103488368097, 0.03298282550182614, 0.03298282550182613]]"
0.54,1.4133951548137702,"[[0.047519160024419235, 0.08022178531264995, 0.08022178531264995], [0.08022178481265023, 0.03289842493124511, 0.03289842493124511], [0.08022178481265023, 0.03289842493124511, 0.03289842493124511]]"
0.55,1.4145819962141104,"[[0.04773416597927568, 0.08025233407064641, 0.08025233407064641], [0.08025233357064653, 0.032814124684534623, 0.032814124684534623], [0.08025233357064653, 0.032814124684534623, 0.032814124684534623]]"
0.56,1.4157607083325274,"[[0.04794957609157122, 0.08028268171635893, 0.08028268171635893], [0.08028268121635904, 0.0327299245107482, 0.0327299245107482], [0.08028268121635904, 0.0327299245107482, 0.0327299245107482]]"
0.5700000000000001,1.416931300482247,"[[0.04816539108113542, 0.0803128283731604, 0.08031282837316037], [0.08031282787316048, 0.03264582410655572, 0.03264582410655571], [0.08031282787316048, 0.03264582410655572, 0.03264582410655572]]"
0.5800000000000001,1.4180937854689546,"[[0.04838161171883157, 0.08034277410626643, 0.08034277410626643], [0.08034277360626663, 0.03256182321402559, 0.032561823214025586], [0.08034277360626663, 0.032561823214025586, 0.03256182321402559]]"
0.59,1.4192481714417227,"[[0.048598238726776176, 0.08037251904543395, 0.08037251904543395], [0.08037251854543424, 0.03247792152287184, 0.03247792152287185], [0.08037251854543424, 0.03247792152287185, 0.03247792152287184]]"
0.6,1.4203944694600068,"[[0.048815272863867394, 0.08040206327983061, 0.08040206327983061], [0.08040206277983046, 0.03239411875420259, 0.03239411875420259], [0.08040206277983046, 0.03239411875420259, 0.03239411875420259]]"
0.61,1.4215326923294924,"[[0.04903271493940387, 0.08043140684078723, 0.08043140684078723], [0.08043140634078715, 0.03231041467436183, 0.03231041467436183], [0.08043140634078715, 0.03231041467436183, 0.03231041467436183]]"
0.62,1.4226628458709456,"[[0.049250565672115755, 0.08046054987643378, 0.08046054987643377], [0.0804605493764339, 0.03222680895553724, 0.03222680895553724], [0.08046054937643388, 0.03222680895553724, 0.032226808955537235]]"
0.63,1.423784944054205,"[[0.049468825873476376, 0.08048949242470055, 0.08048949242470055], [0.08048949192470059, 0.032143301356930346, 0.03214330135693035], [0.08048949192470056, 0.03214330135693034, 0.03214330135693034]]"
0.64,1.4248989956104197,"[[0.04968749632089517, 0.08051823457046453, 0.08051823457046453], [0.08051823407046481, 0.03205989159931155, 0.03205989159931155], [0.08051823407046481, 0.03205989159931155, 0.03205989159931155]]"
0.65,1.4260050069424324,"[[0.04990657775835245, 0.08054677644531724, 0.08054677644531724], [0.08054677594531706, 0.03197657936509476, 0.03197657936509476], [0.08054677594531706, 0.03197657936509476, 0.03197657936509476]]"
0.66,1.4271029908559285,"[[0.050126071035576356, 0.08057511805368738, 0.08057511805368736], [0.08057511755368735, 0.031893364437418546, 0.03189336443741853], [0.08057511755368736, 0.03189336443741854, 0.031893364437418546]]"
0.67,1.4281929554999806,"[[0.05034597694076654, 0.0806032594816437, 0.08060325948164371], [0.0806032589816438, 0.03181024653316459, 0.031810246533164596], [0.0806032589816438, 0.03181024653316459, 0.031810246533164596]]"
0.68,1.4292749096057378,"[[0.05056629625674096, 0.08063120082716646, 0.08063120082716646], [0.08063120032716642, 0.03172722535864833, 0.03172722535864834], [0.08063120032716642, 0.03172722535864834, 0.03172722535864833]]"
0.6900000000000001,1.4303488624864258,"[[0.05078702982973897, 0.08065894211353038, 0.08065894211353038], [0.08065894161353054, 0.031644300679034815, 0.031644300679034815], [0.08065894161353054, 0.031644300679034815, 0.031644300679034815]]"
0.7000000000000001,1.431414821126964,"[[0.051008178431765784, 0.08068648346261983, 0.08068648346261983], [0.08068648296261968, 0.031561472179438776, 0.031561472179438776], [0.08068648296261968, 0.031561472179438776, 0.031561472179438776]]"
0.7100000000000001,1.4324727965868078,"[[0.051229742939102, 0.08071382486983919, 0.08071382486983919], [0.08071382436983912, 0.03147873964538533, 0.03147873964538533], [0.08071382436983912, 0.03147873964538533, 0.03147873964538533]]"
0.72,1.4335227958508767,"[[0.051451724167704514, 0.08074096641185484, 0.08074096641185483], [0.080740965911855, 0.031396102796218954, 0.03139610279621894], [0.080740965911855, 0.03139610279621894, 0.03139610279621895]]"
0.73,1.4345648253220133,"[[0.05167412291493931, 0.08076790819445624, 0.08076790819445624], [0.08076790769445603, 0.03131356132680904, 0.03131356132680904], [0.08076790769445603, 0.03131356132680904, 0.03131356132680904]]"
0.74,1.4355988954775967,"[[0.051896940081450314, 0.08079465019740127, 0.08079465019740124], [0.0807946496974013, 0.031231115032236162, 0.03123111503223615], [0.0807946496974013, 0.03123111503223617, 0.03123111503223616]]"
0.75,1.4366250138846226,"[[0.052120176494749954, 0.08082119249872292, 0.08082119249872294], [0.08082119199872305, 0.031148763627589532, 0.031148763627589525], [0.08082119199872305, 0.031148763627589525, 0.031148763627589535]]"
0.76,1.4376431863638572,"[[0.052343832990981276, 0.08084753517109786, 0.08084753517109786], [0.08084753467109786, 0.031066506831156793, 0.0310665068311568], [0.08084753467109786, 0.0310665068311568, 0.031066506831156793]]"
0.77,1.438653422810603,"[[0.05256791048166979, 0.08087367819602734, 0.08087367819602734], [0.0808736776960274, 0.030984344433555175, 0.030984344433555185], [0.0808736776960274, 0.03098434443355518, 0.03098434443355518]]"
0.78,1.4396557284635492,"[[0.05279240979288214, 0.08089962167011473, 0.08089962167011473], [0.08089962117011493, 0.030902276131664644, 0.03090227613166465], [0.08089962117011493, 0.03090227613166465, 0.030902276131664644]]"
0.79,1.4406501079793088,"[[0.05301733177291948, 0.08092536566739948, 0.08092536566739948], [0.0809253651673994, 0.03082030163937069, 0.030820301639370683], [0.0809253651673994, 0.030820301639370683, 0.03082030163937069]]"
0.8,1.4416365735814907,"[[0.05324267738455566, 0.08095091011966744, 0.08095091011966742], [0.08095090961966754, 0.0307384207841936, 0.03073842078419359], [0.08095090961966754, 0.03073842078419361, 0.03073842078419359]]"
0.81,1.4426151305087842,"[[0.053468447479354475, 0.08097625510783255, 0.08097625510783255], [0.08097625460783268, 0.03065663327232876, 0.030656633272328752], [0.08097625460783268, 0.030656633272328752, 0.03065663327232876]]"
0.8200000000000001,1.4435857828357257,"[[0.05369464293095192, 0.08100140069036252, 0.08100140069036252], [0.0810014001903626, 0.030574938826899444, 0.030574938826899444], [0.0810014001903626, 0.030574938826899444, 0.030574938826899444]]"
0.8300000000000001,1.4445485375472344,"[[0.05392126464788371, 0.08102634688632987, 0.08102634688632984], [0.08102634638632988, 0.03049333720169919, 0.030493337201699184], [0.08102634638632987, 0.030493337201699184, 0.03049333720169918]]"
0.8400000000000001,1.4455034039565362,"[[0.0541483135731017, 0.08105109367561389, 0.08105109367561389], [0.08105109317561389, 0.030411828181110698, 0.030411828181110698], [0.08105109317561389, 0.030411828181110698, 0.030411828181110698]]"
0.85,1.446450384974014,"[[0.05437579057970961, 0.08107564113529053, 0.08107564113529053], [0.08107564063529045, 0.0303304114697821, 0.030330411469782093], [0.08107564063529045, 0.030330411469782093, 0.0303304114697821]]"
0.86,1.4473894870025106,"[[0.054603696614563706, 0.08109998925204774, 0.0810999892520477], [0.08109998875204805, 0.030249086844311192, 0.03024908684431118], [0.08109998875204806, 0.030249086844311206, 0.03024908684431119]]"
0.87,1.4483207164448686,"[[0.05483203259406064, 0.08112413805855662, 0.08112413805855664], [0.08112413755855674, 0.03016785404292817, 0.030167854042928186], [0.08112413755855673, 0.03016785404292817, 0.03016785404292817]]"
0.88,1.4492440785397775,"[[0.055060799456166404, 0.08114808756534023, 0.08114808756534024], [0.08114808706534034, 0.030086712820618134, 0.03008671282061814], [0.08114808706534034, 0.030086712820618124, 0.03008671282061814]]"
0.89,1.4501595773617737,"[[0.055289998121839844, 0.0811718378117346, 0.0811718378117346], [0.0811718373117346, 0.030005662907805427, 0.030005662907805427], [0.08117183731173458, 0.03000566290780541, 0.03000566290780541]]"
0.9,1.4510672198957764,"[[0.055519629571887996, 0.08119538876413283, 0.08119538876413283], [0.0811953882641325, 0.029924704092895334, 0.02992470409289534], [0.0811953882641325, 0.02992470409289534, 0.029924704092895334]]"
0.91,1.4519670137087815,"[[0.05574969478258844, 0.08121874040093607, 0.08121874040093605], [0.08121873990093599, 0.029843836153416868, 0.029843836153416865], [0.08121873990093596, 0.029843836153416865, 0.029843836153416858]]"
0.92,1.4528589576366358,"[[0.05598019465016212, 0.08124189281384671, 0.08124189281384671], [0.08124189231384661, 0.029763058773612808, 0.02976305877361281], [0.08124189231384661, 0.02976305877361281, 0.029763058773612808]]"
0.93,1.453743060992565,"[[0.056211130193771594, 0.0812648459372205, 0.08126484593722048], [0.08126484543722044, 0.029682371764336656, 0.029682371764336656], [0.08126484543722044, 0.029682371764336656, 0.02968237176433665]]"
0.9400000000000001,1.4546193249407224,"[[0.05644250235282495, 0.0812875998186346, 0.0812875998186346], [0.08128759931863445, 0.029601774843159238, 0.029601774843159238], [0.08128759931863445, 0.029601774843159245, 0.029601774843159238]]"
0.9500000000000001,1.4554877576301806,"[[0.0566743121509444, 0.08131015439935056, 0.08131015439935056], [0.0813101538993504, 0.029521267812913407, 0.029521267812913407], [0.0813101538993504, 0.029521267812913407, 0.029521267812913407]]"
0.9600000000000001,1.4563483613892458,"[[0.056906560557757224, 0.08133250969990767, 0.08133250969990766], [0.08133250919990763, 0.02944085041065305, 0.02944085041065305], [0.08133250919990763, 0.029440850410653058, 0.029440850410653044]]"
0.97,1.4572011402924545,"[[0.0571392485767976, 0.08135466570206305, 0.08135466570206305], [0.08135466520206323, 0.02936052240373744, 0.02936052240373744], [0.08135466520206323, 0.029360522403737443, 0.029360522403737443]]"
0.98,1.4580460984143429,"[[0.0573723771957019, 0.08137662241612272, 0.08137662241612272], [0.0813766219161226, 0.029280283534951858, 0.029280283534951865], [0.08137662191612259, 0.029280283534951858, 0.029280283534951858]]"
0.99,1.4588832392473705,"[[0.05760594744809664, 0.08139837979694949, 0.0813983797969495], [0.08139837929694951, 0.029200133591026314, 0.029200133591026318], [0.08139837929694951, 0.029200133591026314, 0.029200133591026314]]"
1.0,1.4597125662839971,"[[0.05783996032727425, 0.08141993786147227, 0.08141993786147227], [0.08141993736147214, 0.029120072306709203, 0.029120072306709203], [0.08141993736147214, 0.029120072306709214, 0.029120072306709207]]"
1.01,1.4605340824346058,"[[0.058074416872428446, 0.08144129657124143, 0.08144129657124144], [0.08144129607124136, 0.029040099460651475, 0.029040099460651485], [0.08144129607124136, 0.02904009946065148, 0.02904009946065148]]"
1.02,1.461347792937886,"[[0.05830931813152946, 0.0814624558828463, 0.0814624558828463], [0.08146245538284604, 0.028960214834271473, 0.028960214834271476], [0.08146245538284604, 0.028960214834271476, 0.028960214834271473]]"
1.03,1.4621537012862973,"[[0.05854466514926183, 0.08148341576461446, 0.08148341576461446], [0.08148341526461432, 0.028880418198070166, 0.02888041819807017], [0.08148341526461432, 0.02888041819807017, 0.028880418198070166]]"
1.04,1.4629518074798398,"[[0.058780458943260144, 0.08150417622986655, 0.08150417622986655], [0.0815041757298665, 0.028800709284318413, 0.02880070928431842], [0.08150417572986651, 0.02880070928431842, 0.02880070928431842]]"
1.05,1.4637421155930497,"[[0.059016700588646796, 0.08152473722009648, 0.0815247372200965], [0.0815247367200965, 0.02872108788274181, 0.028721087882741806], [0.08152473672009651, 0.028721087882741806, 0.028721087882741816]]"
1.06,1.4645246291183867,"[[0.05925339114553095, 0.08154509870514501, 0.08154509870514501], [0.08154509820514509, 0.028641553758472202, 0.028641553758472202], [0.08154509820514509, 0.028641553758472202, 0.028641553758472202]]"
1.07,1.4652993509662338,"[[0.059490531695118185, 0.08156526063318714, 0.08156526063318716], [0.0815652601331874, 0.028562106693033173, 0.028562106693033176], [0.0815652601331874, 0.028562106693033166, 0.028562106693033176]]"
1.08,1.466066278226208,"[[0.059728123256823674, 0.0815852230469793, 0.08158522304697931], [0.08158522254697877, 0.028482746388815025, 0.02848274638881503], [0.08158522254697878, 0.02848274638881503, 0.028482746388815035]]"
1.09,1.4668254225398414,"[[0.0599661670249108, 0.08160498575184642, 0.08160498575184642], [0.08160498525184641, 0.02840347274192589, 0.02840347274192589], [0.08160498525184641, 0.02840347274192589, 0.02840347274192589]]"
1.1,1.4675767786684446,"[[0.060204664013831025, 0.08162454881363011, 0.08162454881363011], [0.08162454831363006, 0.02832428543291217, 0.02832428543291215], [0.08162454831363006, 0.02832428543291217, 0.028324285432912166]]"
1.11,1.4683203506865539,"[[0.060443615353621645, 0.08164391214381363, 0.08164391214381363], [0.08164391164381368, 0.028245184267780922, 0.028245184267780922], [0.08164391164381368, 0.028245184267780922, 0.028245184267780922]]"
1.12,1.4690561391762458,"[[0.06068302212524311, 0.08166307573159855, 0.08166307573159855], [0.0816630752315984, 0.028166168987090772, 0.028166168987090776], [0.0816630752315984, 0.028166168987090776, 0.028166168987090772]]"
1.1300000000000001,1.4697841482120566,"[[0.060922885488841935, 0.08168203946198886, 0.0816820394619889], [0.08168203896198886, 0.02808723941580066, 0.02808723941580066], [0.08168203896198886, 0.028087239415800654, 0.028087239415800665]]"
1.1400000000000001,1.4705043772119097,"[[0.061163206544358084, 0.08170080331408217, 0.08170080331408217], [0.08170080281408212, 0.028008395299828355, 0.02800839529982835], [0.08170080281408212, 0.02800839529982835, 0.028008395299828355]]"
1.1500000000000001,1.4712168273399584,"[[0.06140398642459011, 0.08171936722884925, 0.08171936722884925], [0.08171936672884922, 0.027929636415003258, 0.027929636415003255], [0.08171936672884922, 0.027929636415003255, 0.027929636415003258]]"
1.1600000000000001,1.4719215003424324,"[[0.06164522628329743, 0.08173773112577337, 0.08173773112577337], [0.08173773062577341, 0.027850962553402234, 0.027850962553402227], [0.08173773062577341, 0.027850962553402227, 0.027850962553402234]]"
1.17,1.4726183968014084,"[[0.06188692724967273, 0.08175589496861792, 0.08175589496861792], [0.08175589446861788, 0.027772373468963933, 0.027772373468963933], [0.08175589446861788, 0.027772373468963933, 0.027772373468963933]]"
1.18,1.4733075184631161,"[[0.06212909050802541, 0.08177385865036653, 0.08177385865036653], [0.08177385815036645, 0.02769386897262716, 0.027693868972627152], [0.08177385815036645, 0.027693868972627152, 0.02769386897262716]]"
1.19,1.4739888653275557,"[[0.06237171721824658, 0.08179162210825658, 0.08179162210825656], [0.08179162160825676, 0.0276154488371817, 0.0276154488371817], [0.08179162160825676, 0.027615448837181707, 0.027615448837181696]]"
1.2,1.4746624362305738,"[[0.06261480852781037, 0.08180918530713205, 0.08180918530713205], [0.08180918480713206, 0.027537112810915337, 0.027537112810915334], [0.08180918480713206, 0.027537112810915334, 0.027537112810915337]]"
1.21,1.4753282352467068,"[[0.06285836566112264, 0.08182654810856099, 0.08182654810856099], [0.0818265476085612, 0.027458860726158225, 0.027458860726158225], [0.0818265476085612, 0.027458860726158225, 0.027458860726158225]]"
1.22,1.4759862583014183,"[[0.06310238976330852, 0.08184371049986353, 0.08184371049986353], [0.08184370999986346, 0.027380692309309396, 0.0273806923093094], [0.08184370999986346, 0.0273806923093094, 0.027380692309309396]]"
1.23,1.4766365077230148,"[[0.0633468820672328, 0.08186067234887731, 0.08186067234887731], [0.08186067184887724, 0.027302607384314545, 0.027302607384314545], [0.08186067184887724, 0.027302607384314545, 0.027302607384314545]]"
1.24,1.4772789852577262,"[[0.06359184379321167, 0.08187743355114656, 0.08187743355114656], [0.08187743305114653, 0.027224605750550558, 0.027224605750550565], [0.08187743305114653, 0.027224605750550565, 0.027224605750550558]]"
1.25,1.4779136856668629,"[[0.06383727611698574, 0.08189399407849125, 0.08189399407849125], [0.08189399357849134, 0.027146687142262264, 0.027146687142262264], [0.08189399357849134, 0.027146687142262264, 0.027146687142262264]]"
1.26,1.4785406124428846,"[[0.06408318029011642, 0.08191035379991865, 0.08191035379991865], [0.08191035329991883, 0.02706885137755215, 0.027068851377552158], [0.08191035329991883, 0.02706885137755215, 0.02706885137755215]]"
1.27,1.479159761511255,"[[0.06432955751998422, 0.08192651266059692, 0.08192651266059692], [0.08192651216059696, 0.026991098209407004, 0.026991098209407004], [0.08192651216059696, 0.026991098209407004, 0.026991098209407004]]"
1.28,1.4797711375285871,"[[0.06457640909963623, 0.08194247048701618, 0.08194247048701618], [0.0819424699870163, 0.026913427488074706, 0.026913427488074706], [0.0819424699870163, 0.026913427488074706, 0.026913427488074706]]"
1.29,1.4803747335099615,"[[0.06482373622489396, 0.08195822726266412, 0.08195822726266412], [0.08195822676266412, 0.026835838931112414, 0.026835838931112407], [0.08195822676266412, 0.026835838931112414, 0.026835838931112417]]"
1.3,1.480970554111991,"[[0.06507154020894242, 0.08197378280393439, 0.08197378280393439], [0.08197378230393439, 0.026758332393830006, 0.026758332393830006], [0.08197378230393439, 0.026758332393830006, 0.026758332393830006]]"
1.31,1.4815585923497565,"[[0.06531982226894875, 0.08198913708381364, 0.08198913708381364], [0.08198913658381367, 0.026680907598949154, 0.026680907598949158], [0.08198913658381367, 0.026680907598949158, 0.026680907598949158]]"
1.32,1.4821388528798707,"[[0.0655685837383521, 0.08200428990860681, 0.08200428990860681], [0.08200428940860699, 0.026603564406805072, 0.026603564406805072], [0.08200428940860699, 0.026603564406805075, 0.026603564406805065]]"
1.33,1.4827113269711845,"[[0.06581782583497274, 0.08201924127298742, 0.08201924127298742], [0.08201924077298725, 0.02652630251826947, 0.02652630251826947], [0.08201924077298725, 0.02652630251826947, 0.02652630251826947]]"
1.34,1.4832760181161575,"[[0.06606754991297602, 0.08203399097305218, 0.08203399097305218], [0.08203399047305188, 0.026449121798703967, 0.026449121798703974], [0.08203399047305188, 0.026449121798703974, 0.026449121798703967]]"
1.35,1.48383292456856,"[[0.06631775727412909, 0.08204853889646947, 0.08204853889646947], [0.08204853839646932, 0.026372022034998322, 0.026372022034998322], [0.08204853839646932, 0.026372022034998322, 0.026372022034998322]]"
1.36,1.484382041671779,"[[0.06656844921052725, 0.0820628849577397, 0.0820628849577397], [0.08206288445773939, 0.026295002989628637, 0.026295002989628637], [0.08206288445773939, 0.026295002989628637, 0.026295002989628634]]"
1.37,1.4849233700078912,"[[0.06681962707644021, 0.08207702898592474, 0.08207702898592473], [0.08207702848592485, 0.026218064494965138, 0.026218064494965138], [0.08207702848592482, 0.02621806449496512, 0.026218064494965117]]"
1.3800000000000001,1.4854569031740539,"[[0.06707129215537652, 0.08209097093300965, 0.08209097093300965], [0.08209097043300931, 0.026141206278146405, 0.026141206278146405], [0.08209097043300931, 0.0261412062781464, 0.026141206278146405]]"
1.3900000000000001,1.4859826429164968,"[[0.067323445843489, 0.08210471058566211, 0.08210471058566211], [0.08210471008566206, 0.026064428203465655, 0.026064428203465655], [0.08210471008566206, 0.026064428203465655, 0.026064428203465655]]"
1.4000000000000001,1.4865005857427604,"[[0.06757608948670854, 0.08211824782141157, 0.08211824782141157], [0.08211824732141174, 0.02598773005691121, 0.02598773005691121], [0.08211824732141176, 0.02598773005691121, 0.025987730056911216]]"
1.4100000000000001,1.487010725250002,"[[0.06782922440244392, 0.08213158257616567, 0.08213158257616567], [0.08213158207616561, 0.025911111573223417, 0.025911111573223424], [0.0821315820761656, 0.025911111573223417, 0.025911111573223414]]"
1.42,1.4875130626023747,"[[0.06808285201907302, 0.08214471462113994, 0.08214471462113994], [0.08214471412113997, 0.02583457262409181, 0.02583457262409181], [0.08214471412113997, 0.02583457262409181, 0.02583457262409181]]"
1.43,1.488007592561189,"[[0.06833697368649955, 0.08215764386567075, 0.08215764386567075], [0.0821576433656708, 0.02575811296270433, 0.025758112962704336], [0.0821576433656708, 0.025758112962704336, 0.02575811296270433]]"
1.44,1.4884943127981387,"[[0.06859159080570815, 0.0821703701500688, 0.08217037015006881], [0.08217036965006873, 0.025681732398504194, 0.025681732398504194], [0.08217036965006876, 0.025681732398504194, 0.025681732398504204]]"
1.45,1.4889732209849171,"[[0.06884670479851701, 0.08218289329355846, 0.08218289329355846], [0.08218289279355828, 0.025605430756812365, 0.02560543075681237], [0.08218289279355828, 0.02560543075681237, 0.025605430756812365]]"
1.46,1.4894443107186817,"[[0.0691023170495271, 0.08219521318928688, 0.08219521318928688], [0.08219521268928683, 0.025529207798331368, 0.025529207798331368], [0.08219521268928683, 0.025529207798331368, 0.025529207798331368]]"
1.47,1.4899075796711259,"[[0.06935842899382301, 0.08220732966161866, 0.08220732966161866], [0.0822073291616186, 0.025453063339925627, 0.025453063339925627], [0.08220732916161859, 0.025453063339925627, 0.02545306333992562]]"
1.48,1.49036302434979,"[[0.06961504206825155, 0.08221924254543247, 0.08221924254543243], [0.08221924204543243, 0.025376997187504666, 0.025376997187504666], [0.08221924204543245, 0.02537699718750467, 0.02537699718750466]]"
1.49,1.4908106395159848,"[[0.06987215771177413, 0.08223095168600854, 0.08223095168600855], [0.08223095118600861, 0.025301009136047894, 0.025301009136047905], [0.08223095118600864, 0.025301009136047905, 0.025301009136047905]]"
1.5,1.491250422259327,"[[0.07012977737520656, 0.0822424569231837, 0.0822424569231837], [0.08224245642318352, 0.02522509898301472, 0.02522509898301472], [0.08224245642318352, 0.02522509898301472, 0.02522509898301472]]"
1.51,1.491682366176974,"[[0.07038790252126807, 0.08225375809134418, 0.08225375809134418], [0.08225375759134401, 0.025149266528338904, 0.025149266528338904], [0.08225375759134401, 0.025149266528338904, 0.025149266528338904]]"
1.52,1.4921064701047726,"[[0.07064653465240642, 0.08226485497235753, 0.08226485497235753], [0.08226485447235758, 0.025073511614540855, 0.025073511614540855], [0.08226485447235757, 0.025073511614540855, 0.025073511614540845]]"
1.53,1.4925227253115736,"[[0.07090567520874982, 0.08227574746821403, 0.08227574746821403], [0.08227574696821381, 0.024997833979598635, 0.02499783397959864], [0.08227574696821378, 0.02499783397959863, 0.02499783397959863]]"
1.54,1.4929311294690706,"[[0.07116532572593291, 0.08228643533420232, 0.08228643533420232], [0.08228643483420238, 0.024922233484314417, 0.024922233484314417], [0.08228643483420238, 0.024922233484314417, 0.024922233484314417]]"
1.55,1.4933316767564975,"[[0.07142548768719645, 0.0822969184298345, 0.08229691842983448], [0.0822969179298342, 0.024846709898366553, 0.02484670989836655], [0.0822969179298342, 0.02484670989836655, 0.02484670989836655]]"
1.56,1.4937243636813946,"[[0.07168616264273389, 0.08230719651527409, 0.08230719651527409], [0.08230719601527436, 0.024771263074042323, 0.024771263074042323], [0.08230719601527436, 0.024771263074042323, 0.024771263074042323]]"
1.57,1.4941091803484596,"[[0.07194735207370079, 0.08231726948564938, 0.08231726948564938], [0.08231726898564938, 0.024695892745925433, 0.024695892745925433], [0.08231726898564938, 0.024695892745925433, 0.024695892745925433]]"
1.58,1.4944861250114627,"[[0.072209057554954, 0.08232713709005687, 0.08232713709005689], [0.0823271365900569, 0.024620598771204618, 0.024620598771204625], [0.08232713659005692, 0.024620598771204625, 0.02462059877120463]]"
1.59,1.4948551918496378,"[[0.0724712806376436, 0.08233679913447622, 0.0823367991344762], [0.08233679863447627, 0.02454538095611288, 0.024545380956112875], [0.08233679863447627, 0.024545380956112875, 0.024545380956112868]]"
1.6,1.4952163732959889,"[[0.07273402286804895, 0.08234625545029389, 0.08234625545029388], [0.08234625495029373, 0.02447023908269394, 0.02447023908269394], [0.08234625495029371, 0.02447023908269394, 0.024470239082693933]]"
1.61,1.4955696646939032,"[[0.07299728584039533, 0.08235550580114327, 0.08235550580114329], [0.08235550530114319, 0.024395172988757943, 0.024395172988757954], [0.08235550530114319, 0.024395172988757954, 0.024395172988757954]]"
1.62,1.495915059640538,"[[0.07326107113527555, 0.08236454999159823, 0.08236454999159826], [0.08236454949159816, 0.024320182474582907, 0.02432018247458291], [0.08236454949159816, 0.024320182474582907, 0.024320182474582907]]"
1.6300000000000001,1.4962525505688973,"[[0.07352538034634754, 0.08237338782049679, 0.08237338782049679], [0.08237338732049705, 0.024245267342916182, 0.024245267342916182], [0.08237338732049705, 0.024245267342916182, 0.024245267342916182]]"
1.6400000000000001,1.4965821310761385,"[[0.07379021507190633, 0.08238201909634943, 0.08238201909634943], [0.08238201859634929, 0.024170427385674025, 0.024170427385674025], [0.08238201859634929, 0.024170427385674025, 0.024170427385674025]]"
1.6500000000000001,1.496903795923572,"[[0.0740555769573982, 0.08239044356022737, 0.08239044356022739], [0.08239044306022714, 0.024095662450423196, 0.024095662450423206], [0.08239044306022711, 0.024095662450423196, 0.024095662450423196]]"
1.6600000000000001,1.4972175381262787,"[[0.07432146763565872, 0.0823986609938247, 0.08239866099382466], [0.08239866049382477, 0.0240209723472606, 0.024020972347260597], [0.08239866049382477, 0.0240209723472606, 0.02402097234726059]]"
1.6700000000000002,1.4975233489531092,"[[0.07458788872796074, 0.08240667121910374, 0.08240667121910374], [0.08240667071910358, 0.02394635684890617, 0.023946356848906163], [0.08240667071910358, 0.023946356848906163, 0.02394635684890617]]"
1.68,1.497821222001221,"[[0.07485484191088661, 0.08241447397531133, 0.08241447397531133], [0.08241447347531118, 0.023871815796967087, 0.023871815796967087], [0.08241447347531118, 0.023871815796967087, 0.023871815796967087]]"
1.69,1.4981111497036181,"[[0.07512232884945787, 0.08242206904198031, 0.08242206904198034], [0.08242206854198009, 0.02379734899565536, 0.023797348995655374], [0.08242206854198009, 0.023797348995655363, 0.023797348995655374]]"
1.7,1.4983931250753812,"[[0.07539035123057213, 0.08242945617744153, 0.08242945617744153], [0.08242945567744145, 0.023722956264915503, 0.023722956264915503], [0.08242945567744145, 0.023722956264915503, 0.023722956264915503]]"
1.71,1.4986671405495144,"[[0.07565891075471202, 0.08243663513418394, 0.08243663513418394], [0.082436634634184, 0.02364863742713804, 0.02364863742713804], [0.082436634634184, 0.02364863742713804, 0.02364863742713804]]"
1.72,1.498933186812792,"[[0.07592800911213576, 0.08244360570454513, 0.08244360570454513], [0.08244360520454516, 0.02357439226742092, 0.02357439226742092], [0.08244360520454516, 0.02357439226742092, 0.02357439226742092]]"
1.73,1.4991912574623711,"[[0.0761976480392013, 0.08245036761386207, 0.08245036761386207], [0.08245036711386224, 0.023500220626337505, 0.0235002206263375], [0.08245036711386224, 0.0235002206263375, 0.023500220626337505]]"
1.74,1.4994413431850262,"[[0.07646782926232085, 0.08245692062724175, 0.08245692062724175], [0.08245692012724208, 0.023426122307177843, 0.023426122307177843], [0.08245692012724208, 0.023426122307177843, 0.023426122307177843]]"
1.75,1.4996834329213016,"[[0.07673855450680435, 0.0824632645340283, 0.0824632645340283], [0.08246326403402815, 0.023352097089270718, 0.023352097089270718], [0.08246326403402815, 0.023352097089270718, 0.023352097089270718]]"
1.76,1.4999175243428908,"[[0.07700982558218826, 0.0824693989809931, 0.0824693989809931], [0.08246939848099297, 0.023278144873459885, 0.023278144873459885], [0.08246939848099297, 0.023278144873459885, 0.023278144873459885]]"
1.77,1.5001436034799553,"[[0.07728164422684418, 0.08247532377573556, 0.08247532377573556], [0.08247532327573559, 0.023204265417553376, 0.023204265417553382], [0.08247532327573559, 0.023204265417553382, 0.023204265417553376]]"
1.78,1.5003616633475758,"[[0.077554012232634, 0.08248103864385975, 0.08248103864385976], [0.08248103814386003, 0.023130458547981576, 0.023130458547981576], [0.08248103814386003, 0.023130458547981576, 0.023130458547981583]]"
1.79,1.50057169230422,"[[0.07782693138341892, 0.08248654335010949, 0.08248654335010949], [0.0824865428501093, 0.023056724054035863, 0.023056724054035856], [0.0824865428501093, 0.023056724054035856, 0.023056724054035863]]"
1.8,1.5007736856932752,"[[0.07810040353030669, 0.0824918375475278, 0.0824918375475278], [0.08249183704752774, 0.022983061819895543, 0.02298306181989554], [0.08249183704752774, 0.02298306181989554, 0.022983061819895543]]"
1.81,1.5009676295449026,"[[0.07837443047180773, 0.08249692101863215, 0.08249692101863215], [0.08249692051863217, 0.02290947161341591, 0.022909471613415906], [0.08249692051863212, 0.0229094716134159, 0.022909471613415906]]"
1.82,1.501153516874183,"[[0.07864901405887775, 0.08250179346434032, 0.08250179346434032], [0.08250179296434033, 0.022835953270940238, 0.022835953270940238], [0.08250179296434033, 0.022835953270940238, 0.022835953270940238]]"
1.83,1.5013313360395841,"[[0.07892415613562874, 0.08250645462434242, 0.08250645462434242], [0.08250645412434236, 0.022762506591750414, 0.022762506591750414], [0.08250645412434236, 0.022762506591750414, 0.022762506591750414]]"
1.84,1.5015010777278803,"[[0.07919985858326893, 0.08251090418701895, 0.08251090418701894], [0.08251090368701879, 0.022689131417163923, 0.022689131417163923], [0.08251090368701879, 0.022689131417163923, 0.02268913141716392]]"
1.85,1.5016627314616926,"[[0.07947612328381719, 0.08251514186440931, 0.0825151418644093], [0.08251514136440934, 0.02261582756463638, 0.02261582756463637], [0.08251514136440932, 0.02261582756463637, 0.022615827564636374]]"
1.86,1.5018162873457186,"[[0.079752952127886, 0.08251916737704686, 0.08251916737704686], [0.08251916687704675, 0.022542594840981717, 0.022542594840981717], [0.08251916687704675, 0.022542594840981717, 0.022542594840981717]]"
1.87,1.5019617349025793,"[[0.080030347042817, 0.0825229803943059, 0.0825229803943059], [0.08252297989430599, 0.022469433094989808, 0.022469433094989808], [0.08252297989430599, 0.022469433094989808, 0.022469433094989808]]"
1.8800000000000001,1.5020990613265894,"[[0.0803083099300417, 0.08252658066841553, 0.08252658066841553], [0.08252658016841542, 0.022396342099074068, 0.022396342099074068], [0.08252658016841542, 0.022396342099074068, 0.022396342099074068]]"
1.8900000000000001,1.5022282584686764,"[[0.08058684276223514, 0.08252996782611355, 0.08252996782611355], [0.08252996732611376, 0.022323321733327548, 0.022323321733327545], [0.08252996732611376, 0.022323321733327545, 0.022323321733327548]]"
1.9000000000000001,1.5023493106127717,"[[0.08086594745979471, 0.08253314163605728, 0.08253314163605728], [0.0825331411360573, 0.02225037174899405, 0.022250371748994052], [0.08253314113605728, 0.022250371748994045, 0.02225037174899405]]"
1.9100000000000001,1.5024622101918794,"[[0.08114562602062102, 0.08253610172678108, 0.08253610172678108], [0.08253610122678112, 0.022177492018063665, 0.022177492018063672], [0.08253610122678111, 0.022177492018063672, 0.022177492018063665]]"
1.9200000000000002,1.5025669455644675,"[[0.08142588043163888, 0.08253884777957622, 0.08253884777957622], [0.08253884727957629, 0.022104682362514047, 0.022104682362514044], [0.08253884727957629, 0.022104682362514044, 0.022104682362514047]]"
1.93,1.5026635027606972,"[[0.08170671268331743, 0.08254137949851184, 0.08254137949851184], [0.08254137899851201, 0.022031942580658725, 0.022031942580658725], [0.08254137899851201, 0.022031942580658725, 0.022031942580658725]]"
1.94,1.5027518718852662,"[[0.0819881248025974, 0.08254369653664334, 0.08254369653664334], [0.08254369603664322, 0.021959272512707368, 0.021959272512707368], [0.08254369603664322, 0.021959272512707368, 0.021959272512707368]]"
1.95,1.5028320383862592,"[[0.08227011882016735, 0.08254579856974871, 0.08254579856974871], [0.08254579806974881, 0.021886671975209434, 0.02188667197520944], [0.08254579806974881, 0.021886671975209434, 0.02188667197520943]]"
1.96,1.5029039912042208,"[[0.08255269678384274, 0.08254768526674573, 0.08254768526674573], [0.08254768476674573, 0.021814140787293573, 0.021814140787293573], [0.08254768476674573, 0.021814140787293573, 0.021814140787293573]]"
1.97,1.5029677186976187,"[[0.08283586076487318, 0.08254935627503464, 0.08254935627503464], [0.08254935577503461, 0.02174167878374711, 0.021741678783747116], [0.08254935577503461, 0.021741678783747116, 0.02174167878374711]]"
1.98,1.503023207478691,"[[0.08311961285155409, 0.08255081123519777, 0.08255081123519778], [0.08255081073519796, 0.021669285801913615, 0.021669285801913615], [0.08255081073519796, 0.021669285801913612, 0.021669285801913622]]"
1.99,1.5030704424134456,"[[0.08340395511906307, 0.08255204985385338, 0.08255204985385338], [0.0825520493538533, 0.021596961616380864, 0.02159696161638086], [0.0825520493538533, 0.02159696161638086, 0.021596961616380864]]"
2.0,1.5031094124424271,"[[0.08368888970317644, 0.08255307172837555, 0.08255307172837555], [0.0825530712283755, 0.021524706095830345, 0.021524706095830345], [0.08255307122837552, 0.021524706095830348, 0.021524706095830345]]"
